,State Is Easing Social Distancing Measures,Stay at Home Order,Mandatory Quarantine for Travelers,Non-Essential Business Closures,Large Gatherings Ban,Restaurant Limits,Face Covering Requirement,School Closures,Primary Election Postponement,Emergency Declaration
,Text--narrow,Text--narrow,Text--narrow,Text,Text--narrow,Text,Text--narrow,Text,Text--narrow,Text--narrow
United States,Yes (51),Original Stay at Home Order in Place (6); Stay at Home Order Eased or Lifted (39); No Action (6),Original Traveler Quarantine Mandate in Place (9); New Traveler Quarantine Mandate in Place (3); Traveler Quarantine Mandate Eased or Lifted (16); No Action (23),Some or All Non-Essential Businesses Permitted to Reopen (46); No Action (5),Original Gathering Ban/Limit in Place (6); Gathering Ban/Limit Expanded or Lifted (44); No Action (1),Restaurants Reopened to Dine-in Service (50); No Action (1),Required for General Public (20); Required for Certain Employees (20); Allows Local Officals to Require for General Public (4); No Action (8),Closed (6); Closed for School Year (37); Recommended Closure (1); Recommended Closure for School Year (6); Rescinded (1),Postponed (15); No (36),Yes (51); No (0)
Alabama,Yes,Lifted,-,All Non-Essential Businesses Permitted to Reopen with Reduced Capacity,Lifted,Reopened to Dine-in Service,Required for Certain Employees,Closed for School Year,-,Yes
Alaska,Yes,Lifted,All Travelers,All Non-Essential Businesses Permitted to Reopen,Lifted,Reopened to Dine-in Service ,Required for Certain Employees,Closed for School Year,-,Yes
Arizona,Yes,Lifted,Lifted,All Non-Essential Businesses Permitted to Reopen with Reduced Capacity,Expanded to New Limit Above 25,Reopened to Dine-in Service with Capacity Limits,"Required for Certain Employees;
Allows Local Officials to Require for General Public",Closed for School Year,-,Yes
Arkansas,Yes,-,Lifted,-,Lifted,Reopened to Dine-in Service with Capacity Limits,Required for Certain Employees,Closed for School Year,-,Yes
California,Yes,Statewide,-,Some Non-Essential Businesses Permitted to Reopen with Reduced Capacity,All Gatherings Prohibited,Reopened to Dine-in Service with Capacity Limits,Required for General Public,Recommended Closure for School Year,-,Yes
Colorado,Yes,Rolled Back to High Risk Groups,-,Some Non-Essential Businesses Permitted to Reopen with Reduced Capacity,Expanded to New Limit Below 25,Reopened to Dine-in Service with Capacity Limits,Required for Certain Employees,Closed for School Year,-,Yes
Connecticut,Yes,Lifted,From Certain States (New),All Non-Essential Businesses Permitted to Reopen with Reduced Capacity,Expanded to New Limit of 25,Reopened to Dine-in Service with Capacity Limits,Required for General Public,Closed for School Year,Postponed,Yes
Delaware,Yes,Lifted,Lifted,Some Non-Essential Businesses Permitted to Reopen with Reduced Capacity,Expanded to New Limit Above 25,Reopened to Dine-in Service with Capacity Limits,Required for General Public,Closed for School Year,Postponed,Yes
District of Columbia,Yes,Lifted,-,Some Non-Essential Businesses Permitted to Reopen with Reduced Capacity,Expanded to New Limit Above 25,Reopened to Dine-in Service with Capacity Limits,Required for General Public,Closed for School Year,-,Yes
Florida,Yes,Lifted,From Certain States,All Non-Essential Businesses Permitted to Reopen with Reduced Capacity,Lifted,Reopened to Dine-in Service with Capacity Limits,Required for Certain Employees,Recommended Closure for School Year,-,Yes
Georgia,Yes,Rolled Back to High Risk Groups,-,All Non-Essential Businesses Permitted to Reopen ,Expanded to New Limit Above 25,Reopened to Dine-in Service ,Required for Certain Employees,Closed for School Year,Postponed,Yes
Hawaii,Yes,Statewide,All Travelers,Some Non-Essential Businesses Permitted to Reopen,Expanded to New Limit Above 25,Reopened to Dine-in Service,Required for General Public,Closed for School Year,-,Yes
Idaho,Yes,Lifted,Lifted,All Non-Essential Businesses Permitted to Reopen with Reduced Capacity,Lifted,Reopened to Dine-in Service with Capacity Limits,-,Recommended Closure,-,Yes
Illinois,Yes,Lifted,-,Some Non-Essential Businesses Permitted to Reopen with Reduced Capacity,Expanded to New Limit Above 25,Reopened to Dine-in Service with Capacity Limits,Required for General Public,Closed for School Year,-,Yes
Indiana,Yes,Lifted,-,All Non-Essential Businesses Permitted to Reopen with Reduced Capacity,Expanded to New Limit Above 25,Reopened to Dine-in Service with Capacity Limits,Required for Certain Employees,Closed,Postponed,Yes
Iowa,Yes,-,-,Some Non-Essential Businesses Permitted to Reopen,Expanded to New Limit Above 25,Reopened to Dine-in Service,Allows Local Officals to Require for General Public,Closed for School Year,-,Yes
Kansas,Yes,Lifted,From Certain States,All Non-Essential Businesses Permitted to Reopen,Expanded to New Limit Above 25,Reopened to Dine-in Service ,Required for General Public,Closed for School Year,-,Yes
Kentucky,Yes,Lifted,Lifted,Some Non-Essential Businesses Permitted to Reopen,Expanded to New Limit Above 25,Reopened to Dine-in Service with Capacity Limits,Required for Certain Employees,Recommended Closure for School Year,Postponed,Yes
Louisiana,Yes,Lifted,-,Some Non-Essential Businesses Permitted to Reopen with Reduced Capacity,Expanded to New Limit Above 25,Reopened to Dine-in Service with Capacity Limits,Required for Certain Employees,Closed for School Year,Postponed,Yes
Maine,Yes,Statewide,All Travelers,Some Non-Essential Businesses Permitted to Reopen,Expanded to New Limit Above 25,Reopened to Dine-in Service with Capacity Limits,Required for General Public,Recommended Closure for School Year,Postponed,Yes
Maryland,Yes,Lifted,All Travelers,Some Non-Essential Businesses Permitted to Reopen with Reduced Capacity,>10 People Prohibited,Reopened to Dine-in Service with Capacity Limits,Required for General Public,Closed for School Year,Postponed,Yes
Massachusetts,Yes,Rolled Back to High Risk Groups,All Travelers,Some Non-Essential Businesses Permitted to Reopen,>10 People Prohibited,Reopened to Dine-in Service,Required for General Public,Closed for School Year,-,Yes
Michigan,Yes,Lifted,-,Some Non-Essential Businesses Permitted to Reopen,Expanded to New Limit Above 25,Reopened to Dine-in Service with Capacity Limits,Required for General Public,Closed for School Year,-,Yes
Minnesota,Yes,Lifted,-,Some Non-Essential Businesses Permitted to Reopen,>10 People Prohibited,Reopened to Dine-in Service with Capacity Limits,Required for Certain Employees,Closed for School Year,-,Yes
Mississippi,Yes,Lifted,-,All Non-Essential Businesses Permitted to Reopen with Reduced Capacity,Expanded to New Limit Below 25,Reopened to Dine-in Service with Capacity Limits,Required for Certain Employees,Closed for School Year,Postponed,Yes
Missouri,Yes,Lifted,-,All Non-Essential Businesses Permitted to Reopen,Lifted,Reopened to Dine-in Service,-,Closed for School Year,-,Yes
Montana,Yes,Lifted,Lifted,All Non-Essential Businesses Permitted to Reopen with Reduced Capacity,Expanded to New Limit Above 25,Reopened to Dine-in Service with Capacity Limits,-,Rescinded,-,Yes
Nebraska,Yes,-,Rolled Back to International Travel,-,Expanded to New Limit of 25,Reopened to Dine-in Service with Capacity Limits,Required for Certain Employees,Closed,-,Yes
Nevada,Yes,Lifted,-,Some Non-Essential Businesses Permitted to Reopen with Reduced Capacity,Expanded to New Limit Above 25,Reopened to Dine-in Service with Capacity Limits,Required for General Public,Closed for School Year,-,Yes
New Hampshire,Yes,Lifted,-,Some Non-Essential Businesses Permitted to Reopen with Reduced Capacity,Lifted,Reopened to Dine-in Service with Capacity Limits,Required for Certain Employees,Closed for School Year,-,Yes
New Jersey,Yes,Lifted,From Certain States (New),Some Non-Essential Businesses Permitted to Reopen with Reduced Capacity,Expanded to New Limit Above 25,Reopened to Dine-in Service with Capacity Limits,Required for General Public,Closed,Postponed,Yes
New Mexico,Yes,Statewide,All Air Travelers,Some Non-Essential Businesses Permitted to Reopen with Reduced Capacity,Expanded to New Limit Below 25,Reopened to Dine-in Service with Capacity Limits,Required for Certain Employees,Closed for School Year,-,Yes
New York,Yes,Statewide,From Certain States (New),Some Non-Essential Businesses Permitted to Reopen with Reduced Capacity,Expanded to New Limit of 25,Reopened to Dine-in Service with Capacity Limits,Required for General Public,Closed for School Year,Postponed,Yes
North Carolina,Yes,Lifted,-,Some Non-Essential Businesses Permitted to Reopen with Reduced Capacity,>10 People Prohibited,Reopened to Dine-in Service with Capacity Limits,Required for General Public,Closed,-,Yes
North Dakota,Yes,-,All Travelers,All Non-Essential Businesses Permitted to Reopen,-,Reopened to Dine-in Service,- ,Closed,-,Yes
Ohio,Yes,Lifted,Lifted,Some Non-Essential Businesses Permitted to Reopen with Reduced Capacity,Expanded to New Limit Below 25,Reopened to Dine-in Service,Required for Certain Employees,Closed for School Year,Postponed,Yes
Oklahoma,Yes,Lifted,Lifted,Some Non-Essential Businesses Permitted to Reopen with Reduced Capacity,Lifted,Reopened to Dine-in Service with Capacity Limits,-,Closed for School Year,-,Yes
Oregon,Yes,Statewide,-,Some Non-Essential Businesses Permitted to Reopen,Expanded to New Limit Above 25,Reopened to Dine-in Service,Required for General Public,Closed for School Year,-,Yes
Pennsylvania,Yes,Lifted,-,All Non-Essential Businesses Permitted to Reopen with Reduced Capacity,Expanded to New Limit Above 25,Reopened to Dine-in Service with Capacity Limits,Required for General Public,Closed for School Year,-,Yes
Rhode Island,Yes,Lifted,Rolled Back to Certain States,Some Non-Essential Businesses Permitted to Reopen with Reduced Capacity,Expanded to New Limit of 25,Reopened to Dine-in Service with Capacity Limits,Required for General Public,Closed,Postponed,Yes
South Carolina,Yes,Lifted,Lifted,All Non-Essential Businesses Permitted to Reopen,Lifted,Reopened to Dine-in Service,Allows Local Officals to Require for General Public,Closed for School Year,-,Yes
South Dakota,Yes,-,-,-,Lifted,-,-,Recommended Closure for School Year,-,Yes
Tennessee,Yes,Lifted,-,All Non-Essential Businesses Permitted to Reopen,Expanded to New Limit Above 25,Reopened to Dine-in Service,-,Recommended Closure for School Year,-,Yes
Texas,Yes,Lifted,Lifted,All Non-Essential Businesses Permitted to Reopen with Reduced Capacity,Lifted,Reopened to Dine-in Service with Capacity Limits,Allows Local Officals to Require for General Public,Closed for School Year,-,Yes
Utah,Yes,Lifted,Lifted,-,Expanded to New Limit Above 25,Reopened to Dine-in Service,Required for Certain Employees,Closed for School Year,-,Yes
Vermont,Yes,Lifted,Rolled Back to Certain States,Some Non-Essential Businesses Permitted to Reopen with Reduced Capacity,Expanded to New Limit of 25,Reopened to Dine-in Service with Capacity Limits,Required for Certain Employees,Closed for School Year,-,Yes
Virginia,Yes,Lifted,-,Some Non-Essential Businesses Permitted to Reopen with Reduced Capacity,Expanded to New Limit Above 25,Reopened to Dine-in Service with Capacity Limits,Required for General Public,Closed for School Year,-,Yes
Washington,Yes,Lifted,-,Some Non-Essential Businesses Permitted to Reopen,Other,Reopened to Dine-in Service with Capacity Limits,Required for General Public,Closed for School Year,-,Yes
West Virginia,Yes,Lifted,Lifted,Some Non-Essential Businesses Permitted to Reopen with Reduced Capacity,Expanded to New Limit Above 25,Reopened to Dine-in Service with Capacity Limits,Required for Certain Employees,Closed for School Year,Postponed,Yes
Wisconsin,Yes,Lifted,-,All Non-Essential Businesses Permitted to Reopen,Lifted,Reopened to Dine-in Service,-,Closed for School Year,-,Yes
Wyoming,Yes,-,Lifted,-,Expanded to New Limit Above 25,Reopened to Dine-in Service ,Required for Certain Employees,Closed for School Year,-,Yes