,Status of Reopening,Stay at Home Order,Mandatory Quarantine for Travelers,Non-Essential Business Closures,Large Gatherings Ban,Restaurant Limits,Bar Closures,Face Covering Requirement,Emergency Declaration
,Yes/No,Text--narrow,Text--narrow,Text,Text--narrow,Text,Text,Text--narrow,Text--narrow
United States,Proceeding (19); Paused (6); New Restrictions Imposed (19); Reopened (7),Original Stay at Home Order in Place (1); Stay at Home Order Eased or Lifted (43); New Stay at Home Order in Place (1); No Action (6),Original Traveler Quarantine Mandate in Place (5); New Traveler Quarantine Mandate in Place (4); Traveler Quarantine Mandate Eased or Lifted (20); No Action (22),Some or All Non-Essential Businesses Permitted to Reopen (42); New Business Closures or Limits (4); No Action (5),Original Gathering Ban/Limit in Place (3); Gathering Ban/Limit Expanded or Lifted (36); New Gathering Ban/Limit in Place (11): No Action (1),Restaurants Reopened to Dine-in Service (42); Newly Closed to Dine-in Service (1); New Service Limits (7); No Action (1),Closed (9); Reopened (26); Newly Closed (9); New Service Limits (7),Required for General Public (35); Required for Certain Employees (8); Allows Local Officals to Require for General Public (5); No Action (5),Yes (51); No (0)
Alabama,Paused,Lifted,-,All Non-Essential Businesses Permitted to Reopen with Reduced Capacity,Lifted,Reopened to Dine-in Service,Reopened,Required for General Public,Yes
Alaska,Proceeding with Reopening,Lifted,All Travelers,All Non-Essential Businesses Permitted to Reopen,Lifted,Reopened to Dine-in Service ,Reopened,Required for Certain Employees,Yes
Arizona,New Restrictions Imposed,Lifted,Lifted,New Business Closures or Limits,New Limit on Large Gatherings in Place,New Service Limits,Newly Closed,"Required for Certain Employees;
Allows Local Officials to Require for General Public",Yes
Arkansas,Paused,-,Lifted,-,Lifted,Reopened to Dine-in Service with Capacity Limits,Reopened,Required for General Public,Yes
California,New Restrictions Imposed,Statewide,-,New Business Closures or Limits,All Gatherings Prohibited,Newly Closed to Dine-in Service,Newly Closed,Required for General Public,Yes
Colorado,New Restrictions Imposed,Lifted,-,Some Non-Essential Businesses Permitted to Reopen with Reduced Capacity,Expanded to New Limit of 25 or Fewer,Reopened to Dine-in Service with Capacity Limits,Newly Closed,Required for General Public,Yes
Connecticut,Proceeding with Reopening,Lifted,From Certain States (New),All Non-Essential Businesses Permitted to Reopen with Reduced Capacity,Expanded to New Limit of 25 or Fewer,Reopened to Dine-in Service with Capacity Limits,Closed,Required for General Public,Yes
Delaware,New Restrictions Imposed,Lifted,Lifted,Some Non-Essential Businesses Permitted to Reopen with Reduced Capacity,Expanded to New Limit Above 25,Reopened to Dine-in Service with Capacity Limits,New Service Limits,Required for General Public,Yes
District of Columbia,Proceeding with Reopening,Lifted,From Certain States (New),Some Non-Essential Businesses Permitted to Reopen with Reduced Capacity,Expanded to New Limit Above 25,Reopened to Dine-in Service with Capacity Limits,Closed,Required for General Public,Yes
Florida,New Restrictions Imposed,Lifted,Lifted,All Non-Essential Businesses Permitted to Reopen with Reduced Capacity,Lifted,Reopened to Dine-in Service with Capacity Limits,Newly Closed,Required for Certain Employees,Yes
Georgia,Proceeding with Reopening,Rolled Back to High Risk Groups,-,All Non-Essential Businesses Permitted to Reopen ,Expanded to New Limit Above 25,Reopened to Dine-in Service ,Reopened,"Required for Certain Employees;
Allows Local Officials to Require for General Public",Yes
Hawaii,New Restrictions Imposed,New Stay at Home Order,All Travelers,Some Non-Essential Businesses Permitted to Reopen,New Limit on Large Gatherings in Place,New Service Limits,New Service Limits,Required for General Public,Yes
Idaho,Paused,Lifted,Lifted,All Non-Essential Businesses Permitted to Reopen with Reduced Capacity,Lifted,Reopened to Dine-in Service with Capacity Limits,Reopened,-,Yes
Illinois,Paused,Lifted,-,Some Non-Essential Businesses Permitted to Reopen with Reduced Capacity,Expanded to New Limit Above 25,Reopened to Dine-in Service with Capacity Limits,Reopened,Required for General Public,Yes
Indiana,Paused,Lifted,-,All Non-Essential Businesses Permitted to Reopen with Reduced Capacity,Expanded to New Limit Above 25,Reopened to Dine-in Service with Capacity Limits,Reopened,Required for General Public,Yes
Iowa,Reopened,-,-,All Non-Essential Businesses Permitted to Reopen,Expanded to New Limit Above 25,Reopened to Dine-in Service,Reopened,Allows Local Officals to Require for General Public,Yes
Kansas,Reopened,Lifted,From Certain States,All Non-Essential Businesses Permitted to Reopen,Lifted,Reopened to Dine-in Service ,Reopened,Required for General Public,Yes
Kentucky,New Restrictions Imposed,Lifted,Lifted,Some Non-Essential Businesses Permitted to Reopen,New Limit on Large Gatherings in Place,New Service Limits,New Service Limits,Required for General Public,Yes
Louisiana,New Restrictions Imposed,Lifted,-,Some Non-Essential Businesses Permitted to Reopen with Reduced Capacity,New Limit on Large Gatherings in Place,Reopened to Dine-in Service with Capacity Limits,Newly Closed,Required for General Public,Yes
Maine,Proceeding with Reopening,Lifted,All Travelers,Some Non-Essential Businesses Permitted to Reopen,Expanded to New Limit Above 25,Reopened to Dine-in Service with Capacity Limits,Closed,Required for General Public,Yes
Maryland,Proceeding with Reopening,Lifted,Lifted,All Non-Essential Businesses Permitted to Reopen with Reduced Capacity,Lifted,Reopened to Dine-in Service with Capacity Limits,Reopened,Required for General Public,Yes
Massachusetts,New Restrictions Imposed,Rolled Back to High Risk Groups,All Travelers,Some Non-Essential Businesses Permitted to Reopen,New Limit on Large Gatherings in Place,New Service Limits,Closed,Required for General Public,Yes
Michigan,New Restrictions Imposed,Lifted,-,Some Non-Essential Businesses Permitted to Reopen,New Limit on Large Gatherings in Place,Reopened to Dine-in Service with Capacity Limits,Newly Closed,Required for General Public,Yes
Minnesota,Proceeding with Reopening,Lifted,-,Some Non-Essential Businesses Permitted to Reopen,>10 People Prohibited,Reopened to Dine-in Service with Capacity Limits,Reopened,Required for General Public,Yes
Mississippi,New Restrictions Imposed,Lifted,-,All Non-Essential Businesses Permitted to Reopen with Reduced Capacity,New Limit on Large Gatherings in Place,Reopened to Dine-in Service with Capacity Limits,New Service Limits,Required for General Public,Yes
Missouri,Reopened,Lifted,-,All Non-Essential Businesses Permitted to Reopen,Lifted,Reopened to Dine-in Service,Reopened,-,Yes
Montana,Proceeding with Reopening,Lifted,Lifted,All Non-Essential Businesses Permitted to Reopen with Reduced Capacity,Expanded to New Limit Above 25,Reopened to Dine-in Service with Capacity Limits,Reopened,Required for General Public,Yes
Nebraska,Proceeding with Reopening,-,Rolled Back to International Travel,-,Expanded to New Limit of 25 or Fewer,Reopened to Dine-in Service with Capacity Limits,Reopened,Required for Certain Employees,Yes
Nevada,New Restrictions Imposed,Lifted,-,Some Non-Essential Businesses Permitted to Reopen with Reduced Capacity,Expanded to New Limit Above 25,Reopened to Dine-in Service with Capacity Limits,Reopened,Required for General Public,Yes
New Hampshire,Proceeding with Reopening,Lifted,-,Some Non-Essential Businesses Permitted to Reopen with Reduced Capacity,Lifted,Reopened to Dine-in Service with Capacity Limits,Reopened,Required for General Public,Yes
New Jersey,New Restrictions Imposed,Lifted,From Certain States (New),Some Non-Essential Businesses Permitted to Reopen with Reduced Capacity,New Limit on Large Gatherings in Place,Reopened to Dine-in Service with Capacity Limits,Closed,Required for General Public,Yes
New Mexico,Proceeding with Reopening,Lifted,Rolled Back to Certain States,Some Non-Essential Businesses Permitted to Reopen with Reduced Capacity,Expanded to New Limit of 25 or Fewer,Reopened to Dine-in Service with Capacity Limits,Closed,Required for General Public,Yes
New York,Proceeding with Reopening,Rolled Back to High Risk Groups,From Certain States (New),Some Non-Essential Businesses Permitted to Reopen with Reduced Capacity,Expanded to New Limit Above 25,Reopened to Dine-in Service with Capacity Limits,Reopened,Required for General Public,Yes
North Carolina,Proceeding with Reopening,Lifted,-,Some Non-Essential Businesses Permitted to Reopen with Reduced Capacity,Expanded to New Limit of 25 or Fewer,Reopened to Dine-in Service with Capacity Limits,Closed,Required for General Public,Yes
North Dakota,Reopened,-,Rolled Back to International Travel,All Non-Essential Businesses Permitted to Reopen,-,Reopened to Dine-in Service,Reopened,- ,Yes
Ohio,Proceeding with Reopening,Lifted,Lifted,Some Non-Essential Businesses Permitted to Reopen with Reduced Capacity,Expanded to New Limit of 25 or Fewer,Reopened to Dine-in Service,New Service Limits,Required for General Public,Yes
Oklahoma,Reopened,Lifted,Lifted,Some Non-Essential Businesses Permitted to Reopen with Reduced Capacity,Lifted,Reopened to Dine-in Service with Capacity Limits,Reopened,-,Yes
Oregon,New Restrictions Imposed,Lifted,-,Some Non-Essential Businesses Permitted to Reopen,New Limit on Large Gatherings in Place,New Service Limits,New Service Limits,Required for General Public,Yes
Pennsylvania,New Restrictions Imposed,Lifted,-,All Non-Essential Businesses Permitted to Reopen with Reduced Capacity,New Limit on Large Gatherings in Place,New Service Limits,Newly Closed,Required for General Public,Yes
Rhode Island,New Restrictions Imposed,Lifted,Rolled Back to Certain States,Some Non-Essential Businesses Permitted to Reopen with Reduced Capacity,Expanded to New Limit of 25 or Fewer,Reopened to Dine-in Service with Capacity Limits,New Service Limits,Required for General Public,Yes
South Carolina,New Restrictions Imposed,Lifted,Lifted,New Business Closures or Limits,Lifted,New Service Limits,New Service Limits,Allows Local Officals to Require for General Public,Yes
South Dakota,Reopened,-,-,-,Lifted,-,Reopened,-,Yes
Tennessee,Proceeding with Reopening,Lifted,-,All Non-Essential Businesses Permitted to Reopen,Expanded to New Limit Above 25,Reopened to Dine-in Service,Reopened,Allows Local Officals to Require for General Public,Yes
Texas,New Restrictions Imposed,Lifted,Lifted,New Business Closures or Limits,New Limit on Large Gatherings in Place,Reopened to Dine-in Service with Capacity Limits,Newly Closed,Required for General Public,Yes
Utah,Proceeding with Reopening,Lifted,Lifted,-,Expanded to New Limit Above 25,Reopened to Dine-in Service,Reopened,Required for Certain Employees,Yes
Vermont,Proceeding with Reopening,Lifted,Rolled Back to Certain States,Some Non-Essential Businesses Permitted to Reopen with Reduced Capacity,Expanded to New Limit of 25 or Fewer,Reopened to Dine-in Service with Capacity Limits,Reopened,Required for General Public,Yes
Virginia,Proceeding with Reopening,Lifted,-,All Non-Essential Businesses Permitted to Reopen with Reduced Capacity,Expanded to New Limit Above 25,Reopened to Dine-in Service,Closed,Required for General Public,Yes
Washington,Paused,Lifted,-,Some Non-Essential Businesses Permitted to Reopen,>10 People Prohibited,New Service Limits,Closed,Required for General Public,Yes
West Virginia,New Restrictions Imposed,Lifted,Lifted,Some Non-Essential Businesses Permitted to Reopen with Reduced Capacity,New Limit on Large Gatherings in Place,Reopened to Dine-in Service with Capacity Limits,Reopened,Required for General Public,Yes
Wisconsin,Reopened,Lifted,-,All Non-Essential Businesses Permitted to Reopen,Lifted,Reopened to Dine-in Service,Reopened,Required for General Public,Yes
Wyoming,Proceeding with Reopening,-,Lifted,-,Expanded to New Limit Above 25,Reopened to Dine-in Service ,Reopened,Required for Certain Employees,Yes